,name,speed,throttle,steer,pos_x,pos_y,pos_z,brake,reverse,hand_brake,collision_vehicles,collision_pedestrians,collision_other,intersection_offroad,intersection_otherlane
0,image_00000,4.282768726348877,0.5,-1.2642996807699092e-05,88.62088012695312,81.74810791015625,38.10965347290039,0.0,False,False,0.0,0.0,0.0,0.0,0.0
0,image_00001,4.29852294921875,0.5,-1.1335100680298638e-05,88.62093353271484,82.17728424072266,38.10964584350586,0.0,False,False,0.0,0.0,0.0,0.0,0.0
0,image_00002,4.31321382522583,0.5,-1.068115216185106e-05,88.6209945678711,82.60797882080078,38.109642028808594,0.0,False,False,0.0,0.0,0.0,0.0,0.0
0,image_00003,4.3269147872924805,0.5,-9.809221410250757e-06,88.62105560302734,83.04007720947266,38.10963821411133,0.0,False,False,0.0,0.0,0.0,0.0,0.0
0,image_00004,4.33969259262085,0.5,-8.828299542074092e-06,88.62110900878906,83.47349548339844,38.10963439941406,0.0,False,False,0.0,0.0,0.0,0.0,0.0
0,image_00005,4.351607799530029,0.5,-7.847377673897427e-06,88.62117004394531,83.90814971923828,38.10962677001953,0.0,False,False,0.0,0.0,0.0,0.0,0.0
0,image_00006,4.362719535827637,0.5,-7.084437584126135e-06,88.62123107910156,84.34396362304688,38.10962677001953,0.0,False,False,0.0,0.0,0.0,0.0,0.0
0,image_00007,4.373080730438232,0.5,-6.430489520425908e-06,88.62128448486328,84.78083801269531,38.109619140625,0.0,False,False,0.0,0.0,0.0,0.0,0.0
0,image_00008,4.382742404937744,0.5,-5.449567652249243e-06,88.62134552001953,85.21869659423828,38.109619140625,0.0,False,False,0.0,0.0,0.0,0.0,0.0
0,image_00009,4.39175271987915,0.5,-5.013602276449092e-06,88.62140655517578,85.65750122070312,38.10961151123047,0.0,False,False,0.0,0.0,0.0,0.0,0.0
0,image_00010,4.400154113769531,0.5,-5.013602276449092e-06,88.6214599609375,86.09715270996094,38.10961151123047,0.0,False,False,0.0,0.0,0.0,0.0,0.0
0,image_00011,4.407989025115967,0.5,-5.231584964349167e-06,88.62152099609375,86.53762817382812,38.1096076965332,0.0,False,False,0.0,0.0,0.0,0.0,0.0
0,image_00012,4.415292739868164,0.5,-5.231584964349167e-06,88.62158203125,86.9788589477539,38.1096076965332,0.0,False,False,0.0,0.0,0.0,0.0,0.0
0,image_00013,4.4221038818359375,0.5,-4.57763690064894e-06,88.62163543701172,87.42076873779297,38.10960388183594,0.0,False,False,0.0,0.0,0.0,0.0,0.0
0,image_00014,4.428455829620361,0.5,-4.9046107051253784e-06,88.62169647216797,87.86335754394531,38.10960006713867,0.0,False,False,0.0,0.0,0.0,0.0,0.0
0,image_00015,4.434378147125244,0.5,-4.9046107051253784e-06,88.62175750732422,88.30654907226562,38.10960006713867,0.0,False,False,0.0,0.0,0.0,0.0,0.0
0,image_00016,4.439899444580078,0.5,-4.686628017225303e-06,88.62181091308594,88.75032043457031,38.109596252441406,0.0,False,False,0.0,0.0,0.0,0.0,0.0
0,image_00017,4.445048809051514,0.5,-4.686628017225303e-06,88.62187194824219,89.19461822509766,38.109596252441406,0.0,False,False,0.0,0.0,0.0,0.0,0.0
0,image_00018,4.449850559234619,0.5,-4.686628017225303e-06,88.62193298339844,89.63941192626953,38.10959243774414,0.0,False,False,0.0,0.0,0.0,0.0,0.0
0,image_00019,4.454327583312988,0.5,-4.686628017225303e-06,88.62199401855469,90.08465576171875,38.10959243774414,0.0,False,False,0.0,0.0,0.0,0.0,0.0
0,image_00020,4.45850133895874,0.5,-4.359654212748865e-06,88.6220474243164,90.53032684326172,38.109588623046875,0.0,False,False,0.0,0.0,0.0,0.0,0.0
0,image_00021,4.462393283843994,0.5,-4.359654212748865e-06,88.62210845947266,90.9764175415039,38.109588623046875,0.0,False,False,0.0,0.0,0.0,0.0,0.0
0,image_00022,4.46602201461792,0.5,-4.359654212748865e-06,88.6221694946289,91.42285919189453,38.10958480834961,0.0,False,False,0.0,0.0,0.0,0.0,0.0
0,image_00023,4.4694061279296875,0.5,-4.359654212748865e-06,88.62222290039062,91.86966705322266,38.10958480834961,0.0,False,False,0.0,0.0,0.0,0.0,0.0
0,image_00024,4.472561836242676,0.5,-4.359654212748865e-06,88.62228393554688,92.3167953491211,38.10958480834961,0.0,False,False,0.0,0.0,0.0,0.0,0.0
0,image_00025,4.475505828857422,0.5,-4.359654212748865e-06,88.62234497070312,92.76422882080078,38.10958480834961,0.0,False,False,0.0,0.0,0.0,0.0,0.0
0,image_00026,4.478249549865723,0.5,-4.359654212748865e-06,88.62239837646484,93.21195220947266,38.10958480834961,0.0,False,False,0.0,0.0,0.0,0.0,0.0
0,image_00027,4.480807304382324,0.5,-3.705705921674962e-06,88.6224594116211,93.65992736816406,38.109580993652344,0.0,False,False,0.0,0.0,0.0,0.0,0.0
0,image_00028,4.483191013336182,0.5,-3.705705921674962e-06,88.62252044677734,94.108154296875,38.109580993652344,0.0,False,False,0.0,0.0,0.0,0.0,0.0
0,image_00029,4.485415458679199,0.5,-3.705705921674962e-06,88.62257385253906,94.55660247802734,38.109580993652344,0.0,False,False,0.0,0.0,0.0,0.0,0.0
0,image_00030,4.487489700317383,0.5,-3.705705921674962e-06,88.62263488769531,95.0052719116211,38.109580993652344,0.0,False,False,0.0,0.0,0.0,0.0,0.0
0,image_00031,4.489421844482422,0.5,-3.705705921674962e-06,88.62269592285156,95.45413208007812,38.109580993652344,0.0,False,False,0.0,0.0,0.0,0.0,0.0
0,image_00032,4.491224765777588,0.5,-3.705705921674962e-06,88.62274932861328,95.90319061279297,38.109580993652344,0.0,False,False,0.0,0.0,0.0,0.0,0.0
0,image_00033,4.492906093597412,0.5,-3.705705921674962e-06,88.62281036376953,96.35243225097656,38.109580993652344,0.0,False,False,0.0,0.0,0.0,0.0,0.0
0,image_00034,4.494473934173584,0.5,-3.705705921674962e-06,88.62287139892578,96.80181121826172,38.10957717895508,0.0,False,False,0.0,0.0,0.0,0.0,0.0
0,image_00035,4.495935440063477,0.5,-3.705705921674962e-06,88.6229248046875,97.25135803222656,38.10957717895508,0.0,False,False,0.0,0.0,0.0,0.0,0.0
0,image_00036,4.497298240661621,0.5,-3.705705921674962e-06,88.62298583984375,97.70104217529297,38.10957717895508,0.0,False,False,0.0,0.0,0.0,0.0,0.0
0,image_00037,4.498569011688232,0.5,-3.705705921674962e-06,88.623046875,98.15084838867188,38.10957717895508,0.0,False,False,0.0,0.0,0.0,0.0,0.0
0,image_00038,4.499753475189209,0.5,-3.705705921674962e-06,88.62310028076172,98.60077667236328,38.10957336425781,0.0,False,False,0.0,0.0,0.0,0.0,0.0
0,image_00039,4.500858306884766,0.5,-3.705705921674962e-06,88.62316131591797,99.05082702636719,38.10957336425781,0.0,False,False,0.0,0.0,0.0,0.0,0.0
0,image_00040,4.501887321472168,0.5,-3.705705921674962e-06,88.62322235107422,99.50098419189453,38.10957336425781,0.0,False,False,0.0,0.0,0.0,0.0,0.0
0,image_00041,4.502847671508789,0.5,-3.705705921674962e-06,88.62327575683594,99.95124053955078,38.10957336425781,0.0,False,False,0.0,0.0,0.0,0.0,0.0
0,image_00042,4.503742694854736,0.5,-3.705705921674962e-06,88.62333679199219,100.40158081054688,38.10957336425781,0.0,False,False,0.0,0.0,0.0,0.0,0.0
0,image_00043,4.50457763671875,0.5,-3.705705921674962e-06,88.62339782714844,100.85202026367188,38.10957336425781,0.0,False,False,0.0,0.0,0.0,0.0,0.0
0,image_00044,4.5053558349609375,0.5,-3.705705921674962e-06,88.62345886230469,101.30252838134766,38.10957336425781,0.0,False,False,0.0,0.0,0.0,0.0,0.0
0,image_00045,4.506082057952881,0.5,-3.705705921674962e-06,88.6235122680664,101.75312042236328,38.10957336425781,0.0,False,False,0.0,0.0,0.0,0.0,0.0
0,image_00046,4.5067596435546875,0.5,-3.705705921674962e-06,88.62357330322266,102.20378875732422,38.10957336425781,0.0,False,False,0.0,0.0,0.0,0.0,0.0
0,image_00047,4.50739049911499,0.5,-3.705705921674962e-06,88.6236343383789,102.65451049804688,38.10957336425781,0.0,False,False,0.0,0.0,0.0,0.0,0.0
0,image_00048,4.507977485656738,0.5,-3.705705921674962e-06,88.62368774414062,103.10529327392578,38.10957336425781,0.0,False,False,0.0,0.0,0.0,0.0,0.0
0,image_00049,4.508525848388672,0.5,-3.705705921674962e-06,88.62374877929688,103.55612182617188,38.10957336425781,0.0,False,False,0.0,0.0,0.0,0.0,0.0
0,image_00050,4.509036064147949,0.5,-3.705705921674962e-06,88.62380981445312,104.00701141357422,38.10957336425781,0.0,False,False,0.0,0.0,0.0,0.0,0.0
0,image_00051,4.509512901306152,0.5,-3.705705921674962e-06,88.62386322021484,104.45794677734375,38.10957336425781,0.0,False,False,0.0,0.0,0.0,0.0,0.0
0,image_00052,4.509958744049072,0.5,-3.705705921674962e-06,88.6239242553711,104.90894317626953,38.10957336425781,0.0,False,False,0.0,0.0,0.0,0.0,0.0
0,image_00053,4.510373592376709,0.5,-3.705705921674962e-06,88.62398529052734,105.35997772216797,38.10957336425781,0.0,False,False,0.0,0.0,0.0,0.0,0.0
0,image_00054,4.510759353637695,0.5,-3.705705921674962e-06,88.62403869628906,105.81104278564453,38.10957336425781,0.0,False,False,0.0,0.0,0.0,0.0,0.0
0,image_00055,4.511119842529297,0.5,-3.705705921674962e-06,88.62409973144531,106.26215362548828,38.10957336425781,0.0,False,False,0.0,0.0,0.0,0.0,0.0
0,image_00056,4.511455535888672,0.5,-3.705705921674962e-06,88.62416076660156,106.71329498291016,38.10957336425781,0.0,False,False,0.0,0.0,0.0,0.0,0.0
0,image_00057,4.511770248413086,0.5,-3.705705921674962e-06,88.62421417236328,107.16446685791016,38.10957336425781,0.0,False,False,0.0,0.0,0.0,0.0,0.0
0,image_00058,4.512063026428223,0.5,-3.705705921674962e-06,88.62427520751953,107.61566925048828,38.10957336425781,0.0,False,False,0.0,0.0,0.0,0.0,0.0
0,image_00059,4.512335300445557,0.5,-3.705705921674962e-06,88.62433624267578,108.06690216064453,38.10957336425781,0.0,False,False,0.0,0.0,0.0,0.0,0.0
0,image_00060,4.512589454650879,0.5,-3.705705921674962e-06,88.6243896484375,108.51815032958984,38.10957336425781,0.0,False,False,0.0,0.0,0.0,0.0,0.0
0,image_00061,4.512824058532715,0.5,-3.705705921674962e-06,88.62445068359375,108.96944427490234,38.10957336425781,0.0,False,False,0.0,0.0,0.0,0.0,0.0
0,image_00062,4.513045310974121,0.5,-3.705705921674962e-06,88.62451171875,109.42072296142578,38.10957336425781,0.0,False,False,0.0,0.0,0.0,0.0,0.0
0,image_00063,4.513253688812256,0.5,-3.705705921674962e-06,88.62456512451172,109.87205505371094,38.10957336425781,0.0,False,False,0.0,0.0,0.0,0.0,0.0
0,image_00064,4.513445854187012,0.5,-3.705705921674962e-06,88.62462615966797,110.32340240478516,38.10957336425781,0.0,False,False,0.0,0.0,0.0,0.0,0.0
0,image_00065,4.513625621795654,0.5,-3.705705921674962e-06,88.62468719482422,110.77474975585938,38.10957336425781,0.0,False,False,0.0,0.0,0.0,0.0,0.0
0,image_00066,4.513792514801025,0.5,-3.705705921674962e-06,88.62474060058594,111.22615051269531,38.10957336425781,0.0,False,False,0.0,0.0,0.0,0.0,0.0
0,image_00067,4.513948440551758,0.5,-3.705705921674962e-06,88.62480163574219,111.67755889892578,38.10957336425781,0.0,False,False,0.0,0.0,0.0,0.0,0.0
0,image_00068,4.5140910148620605,0.5,-3.705705921674962e-06,88.62486267089844,112.12895965576172,38.10957336425781,0.0,False,False,0.0,0.0,0.0,0.0,0.0
0,image_00069,4.514223575592041,0.5,-3.705705921674962e-06,88.62492370605469,112.58036804199219,38.10957336425781,0.0,False,False,0.0,0.0,0.0,0.0,0.0
0,image_00070,4.514349460601807,0.5,-3.705705921674962e-06,88.6249771118164,113.03182220458984,38.10957336425781,0.0,False,False,0.0,0.0,0.0,0.0,0.0
0,image_00071,4.514468193054199,0.5,-3.705705921674962e-06,88.62503814697266,113.48329162597656,38.10957336425781,0.0,False,False,0.0,0.0,0.0,0.0,0.0
0,image_00072,4.514577388763428,0.5,-3.705705921674962e-06,88.6250991821289,113.93475341796875,38.10957336425781,0.0,False,False,0.0,0.0,0.0,0.0,0.0
0,image_00073,4.514678001403809,0.5,-3.705705921674962e-06,88.62515258789062,114.38621520996094,38.10956954956055,0.0,False,False,0.0,0.0,0.0,0.0,0.0
0,image_00074,4.514773368835449,0.5,-3.705705921674962e-06,88.62521362304688,114.83768463134766,38.10956954956055,0.0,False,False,0.0,0.0,0.0,0.0,0.0
0,image_00075,4.514862537384033,0.5,-3.705705921674962e-06,88.62527465820312,115.28915405273438,38.10956954956055,0.0,False,False,0.0,0.0,0.0,0.0,0.0
0,image_00076,4.5149455070495605,0.5,-3.705705921674962e-06,88.62532806396484,115.74068450927734,38.10956954956055,0.0,False,False,0.0,0.0,0.0,0.0,0.0
0,image_00077,4.515023231506348,0.5,-3.705705921674962e-06,88.6253890991211,116.19220733642578,38.10956954956055,0.0,False,False,0.0,0.0,0.0,0.0,0.0
0,image_00078,4.515094757080078,0.5,-3.705705921674962e-06,88.62545013427734,116.64373016357422,38.10956954956055,0.0,False,False,0.0,0.0,0.0,0.0,0.0
0,image_00079,4.515162467956543,0.5,-3.705705921674962e-06,88.62550354003906,117.09525299072266,38.10956954956055,0.0,False,False,0.0,0.0,0.0,0.0,0.0
0,image_00080,4.515224933624268,0.5,0.0024637493770569563,88.62556457519531,117.5467758178711,38.10956954956055,0.0,False,False,0.0,0.0,0.0,0.0,0.0
0,image_00081,4.515270709991455,0.5,0.0022609166335314512,88.62510681152344,117.99829864501953,38.10956954956055,0.0,False,False,0.0,0.0,0.0,0.0,0.0
0,image_00082,4.515326976776123,0.5,0.0020038059446960688,88.62443542480469,118.44982147216797,38.10956954956055,0.0,False,False,0.0,0.0,0.0,0.0,0.0
0,image_00083,4.515378475189209,0.5,0.0017742702038958669,88.62361907958984,118.9013442993164,38.10956954956055,0.0,False,False,0.0,0.0,0.0,0.0,0.0
0,image_00084,4.515426158905029,0.5,0.0015728542348369956,88.62269592285156,119.35286712646484,38.10956954956055,0.0,False,False,0.0,0.0,0.0,0.0,0.0
0,image_00085,4.515470027923584,0.5,0.001400102861225605,88.62168884277344,119.80442810058594,38.10956954956055,0.0,False,False,0.0,0.0,0.0,0.0,0.0
0,image_00086,4.515511512756348,0.5,0.0012494768016040325,88.62059020996094,120.25601196289062,38.10956954956055,0.0,False,False,0.0,0.0,0.0,0.0,0.0
0,image_00087,4.515550136566162,0.5,0.0011189052602276206,88.61942291259766,120.70759582519531,38.10956954956055,0.0,False,False,0.0,0.0,0.0,0.0,0.0
0,image_00088,4.515586853027344,0.5,0.0010080609936267138,88.61819458007812,121.1591796875,38.10956954956055,0.0,False,False,0.0,0.0,0.0,0.0,0.0
0,image_00089,4.515623092651367,0.5,0.0009098597802221775,88.61688232421875,121.61075592041016,38.10956954956055,0.0,False,False,0.0,0.0,0.0,0.0,0.0
0,image_00090,4.515655040740967,0.5,0.000827680341899395,88.61552429199219,122.06233978271484,38.10956954956055,0.0,False,False,0.0,0.0,0.0,0.0,0.0
0,image_00091,4.515684604644775,0.5,0.0007595607312396169,88.61412048339844,122.51392364501953,38.10956954956055,0.0,False,False,0.0,0.0,0.0,0.0,0.0
0,image_00092,4.515713691711426,0.5,0.0007039751508273184,88.61266326904297,122.96550750732422,38.10956954956055,0.0,False,False,0.0,0.0,0.0,0.0,0.0
0,image_00093,4.515741348266602,0.5,0.0006601606146432459,88.61116027832031,123.41708374023438,38.10956954956055,0.0,False,False,0.0,0.0,0.0,0.0,0.0
0,image_00094,4.515766143798828,0.5,0.0006321498076431453,88.609619140625,123.86866760253906,38.10956954956055,0.0,False,False,0.0,0.0,0.0,0.0,0.0
0,image_00095,4.51578950881958,0.5,0.0006192888249643147,88.60802459716797,124.32025146484375,38.10956954956055,0.0,False,False,0.0,0.0,0.0,0.0,0.0
0,image_00096,4.515811920166016,0.5,0.0006241934606805444,88.60637664794922,124.77183532714844,38.10956954956055,0.0,False,False,0.0,0.0,0.0,0.0,0.0
0,image_00097,4.515829563140869,0.5,0.0006706237909384072,88.60467529296875,125.22342681884766,38.10956954956055,0.0,False,False,0.0,0.0,0.0,0.0,0.0
0,image_00098,4.5158467292785645,0.5,-0.5384486317634583,88.6029281616211,125.67499542236328,38.10956954956055,0.0,False,False,0.0,0.0,0.0,0.0,0.0
0,image_00099,4.4395365715026855,0.5,-0.5480923056602478,88.63312530517578,126.12232208251953,38.10955810546875,0.0,False,False,0.0,0.0,0.0,0.0,0.0
0,image_00100,4.270440578460693,0.5,-0.5239012241363525,88.72260284423828,126.5510482788086,38.10952377319336,0.0,False,False,0.0,0.0,0.0,0.0,0.0
0,image_00101,4.216391086578369,0.5,-0.4802758991718292,88.86150360107422,126.95795440673828,38.10947036743164,0.0,False,False,0.0,0.0,0.0,0.0,0.0
0,image_00102,4.242024898529053,0.5,-0.437192440032959,89.02997589111328,127.35404968261719,38.109405517578125,0.0,False,False,0.0,0.0,0.0,0.0,0.0
0,image_00103,4.277587890625,0.5,-0.39848828315734863,89.22209930419922,127.74181365966797,38.109378814697266,0.0,False,False,0.0,0.0,0.0,0.0,0.0
0,image_00104,4.309967994689941,0.5,-0.36421307921409607,89.4349594116211,128.1212615966797,38.10939407348633,0.0,False,False,0.0,0.0,0.0,0.0,0.0
0,image_00105,4.33705472946167,0.5,-0.3340878486633301,89.66644287109375,128.49203491210938,38.10942840576172,0.0,False,False,0.0,0.0,0.0,0.0,0.0
0,image_00106,4.359175205230713,0.5,-0.3078579604625702,89.9147720336914,128.85382080078125,38.10947036743164,0.0,False,False,0.0,0.0,0.0,0.0,0.0
0,image_00107,4.377156734466553,0.5,-0.2853342890739441,90.178466796875,129.20628356933594,38.10950469970703,0.0,False,False,0.0,0.0,0.0,0.0,0.0
0,image_00108,4.391779899597168,0.5,-0.266426682472229,90.45626068115234,129.54920959472656,38.10953140258789,0.0,False,False,0.0,0.0,0.0,0.0,0.0
0,image_00109,4.403642654418945,0.5,-0.2511903941631317,90.74711608886719,129.88235473632812,38.10955047607422,0.0,False,False,0.0,0.0,0.0,0.0,0.0
0,image_00110,4.413125991821289,0.5,-0.23990239202976227,91.05020141601562,130.20545959472656,38.10955810546875,0.0,False,False,0.0,0.0,0.0,0.0,0.0
0,image_00111,4.42042350769043,0.5,-0.23325347900390625,91.36490631103516,130.51808166503906,38.109561920166016,0.0,False,False,0.0,0.0,0.0,0.0,0.0
0,image_00112,4.4254584312438965,0.5,-0.23276427388191223,91.69090270996094,130.819580078125,38.10956954956055,0.0,False,False,0.0,0.0,0.0,0.0,0.0
0,image_00113,4.427735805511475,0.5,-0.2419840395450592,92.02814483642578,131.1088409423828,38.10956573486328,0.0,False,False,0.0,0.0,0.0,0.0,0.0
0,image_00114,4.425686359405518,0.5,-0.2704676687717438,92.37710571289062,131.38377380371094,38.10956954956055,0.0,False,False,0.0,0.0,0.0,0.0,0.0
0,image_00115,4.414180278778076,0.5,-0.4484007954597473,92.73918914794922,131.64013671875,38.109561920166016,0.0,False,False,0.0,0.0,0.0,0.0,0.0
0,image_00116,4.31864070892334,0.5,-0.41674286127090454,93.11894226074219,131.86119079589844,38.10953903198242,0.0,False,False,0.0,0.0,0.0,0.0,0.0
0,image_00117,4.315077304840088,0.5,-0.3757583200931549,93.51335906982422,132.04811096191406,38.10948944091797,0.0,False,False,0.0,0.0,0.0,0.0,0.0
0,image_00118,4.339010715484619,0.5,-0.33782312273979187,93.91791534423828,132.215087890625,38.10945510864258,0.0,False,False,0.0,0.0,0.0,0.0,0.0
0,image_00119,4.363736629486084,0.5,-0.30394265055656433,94.33089447021484,132.36505126953125,38.10945510864258,0.0,False,False,0.0,0.0,0.0,0.0,0.0
0,image_00120,4.385369300842285,0.5,-0.27382692694664,94.75081634521484,132.4994659423828,38.10947799682617,0.0,False,False,0.0,0.0,0.0,0.0,0.0
0,image_00121,4.403470516204834,0.5,-0.24712933599948883,95.17646026611328,132.6195831298828,38.10950469970703,0.0,False,False,0.0,0.0,0.0,0.0,0.0
0,image_00122,4.418423652648926,0.5,-0.22353608906269073,95.60679626464844,132.7264862060547,38.10953140258789,0.0,False,False,0.0,0.0,0.0,0.0,0.0
0,image_00123,4.430777072906494,0.5,-0.20276330411434174,96.04097747802734,132.8210906982422,38.10955047607422,0.0,False,False,0.0,0.0,0.0,0.0,0.0
0,image_00124,4.441023826599121,0.5,-0.184566468000412,96.47828674316406,132.90428161621094,38.10956573486328,0.0,False,False,0.0,0.0,0.0,0.0,0.0
0,image_00125,4.449568271636963,0.5,-0.16874171793460846,96.91818237304688,132.976806640625,38.10957336425781,0.0,False,False,0.0,0.0,0.0,0.0,0.0
0,image_00126,4.456723213195801,0.5,-0.1551271229982376,97.36016082763672,133.0393829345703,38.109580993652344,0.0,False,False,0.0,0.0,0.0,0.0,0.0
0,image_00127,4.462725639343262,0.5,-0.1436164230108261,97.8038558959961,133.09255981445312,38.109580993652344,0.0,False,False,0.0,0.0,0.0,0.0,0.0
0,image_00128,4.467756748199463,0.5,-0.13416582345962524,98.24893188476562,133.13681030273438,38.10958480834961,0.0,False,False,0.0,0.0,0.0,0.0,0.0
0,image_00129,4.471948623657227,0.5,-0.1268509328365326,98.69515228271484,133.17247009277344,38.10958480834961,0.0,False,False,0.0,0.0,0.0,0.0,0.0
0,image_00130,4.475379943847656,0.5,-0.12192279100418091,99.14225006103516,133.1997528076172,38.10958480834961,0.0,False,False,0.0,0.0,0.0,0.0,0.0
0,image_00131,4.478072166442871,0.5,-0.11997926980257034,99.59003448486328,133.21864318847656,38.10958480834961,0.0,False,False,0.0,0.0,0.0,0.0,0.0
0,image_00132,4.4799485206604,0.5,-0.12242691963911057,100.03827667236328,133.22882080078125,38.10958480834961,0.0,False,False,0.0,0.0,0.0,0.0,0.0
0,image_00133,4.480697154998779,0.5,-0.13301999866962433,100.48674774169922,133.22955322265625,38.109580993652344,0.0,False,False,0.0,0.0,0.0,0.0,0.0
0,image_00134,4.479272842407227,0.5,-0.020241528749465942,100.93506622314453,133.21897888183594,38.10958480834961,0.0,False,False,0.0,0.0,0.0,0.0,0.0
0,image_00135,4.489697456359863,0.5,-0.013433481566607952,101.38384246826172,133.21853637695312,38.10956573486328,0.0,False,False,0.0,0.0,0.0,0.0,0.0
0,image_00136,4.493170261383057,0.5,-0.011226445436477661,101.83308410644531,133.22132873535156,38.10957336425781,0.0,False,False,0.0,0.0,0.0,0.0,0.0
0,image_00137,4.495481014251709,0.5,-0.009558316320180893,102.2825698852539,133.22409057617188,38.109580993652344,0.0,False,False,0.0,0.0,0.0,0.0,0.0
0,image_00138,4.497255325317383,0.5,-0.008146733045578003,102.73222351074219,133.22657775878906,38.109580993652344,0.0,False,False,0.0,0.0,0.0,0.0,0.0
0,image_00139,4.498722076416016,0.5,-0.006943079177290201,103.18204498291016,133.22877502441406,38.109580993652344,0.0,False,False,0.0,0.0,0.0,0.0,0.0
0,image_00140,4.499997615814209,0.5,-0.00591652374714613,103.63199615478516,133.2306671142578,38.109580993652344,0.0,False,False,0.0,0.0,0.0,0.0,0.0
0,image_00141,4.501140117645264,0.5,-0.005041208118200302,104.08206176757812,133.23226928710938,38.109580993652344,0.0,False,False,0.0,0.0,0.0,0.0,0.0
0,image_00142,4.50217866897583,0.5,-0.004295006860047579,104.53224182128906,133.23362731933594,38.109580993652344,0.0,False,False,0.0,0.0,0.0,0.0,0.0
0,image_00143,4.5031352043151855,0.5,-0.003658982692286372,104.98250579833984,133.2347869873047,38.10957717895508,0.0,False,False,0.0,0.0,0.0,0.0,0.0
0,image_00144,4.504018306732178,0.5,-0.003116943407803774,105.43289184570312,133.2357635498047,38.10957717895508,0.0,False,False,0.0,0.0,0.0,0.0,0.0
0,image_00145,4.5048418045043945,0.5,-0.002655058167874813,105.88333892822266,133.236572265625,38.10957717895508,0.0,False,False,0.0,0.0,0.0,0.0,0.0
0,image_00146,4.5056047439575195,0.5,-0.002261512912809849,106.3338851928711,133.2372589111328,38.10957717895508,0.0,False,False,0.0,0.0,0.0,0.0,0.0
0,image_00147,4.506316661834717,0.5,-0.0019262266578152776,106.78449249267578,133.23782348632812,38.10957717895508,0.0,False,False,0.0,0.0,0.0,0.0,0.0
0,image_00148,4.506978511810303,0.5,-0.001640600268729031,107.23517608642578,133.23829650878906,38.10957336425781,0.0,False,False,0.0,0.0,0.0,0.0,0.0
0,image_00149,4.507594585418701,0.5,-0.0013972936430945992,107.6859130859375,133.2386932373047,38.10957336425781,0.0,False,False,0.0,0.0,0.0,0.0,0.0
0,image_00150,4.508169651031494,0.5,-0.0011900498066097498,108.13671875,133.239013671875,38.10957336425781,0.0,False,False,0.0,0.0,0.0,0.0,0.0
0,image_00151,4.508703708648682,0.5,-0.0010135339107364416,108.58757781982422,133.2392578125,38.10957336425781,0.0,False,False,0.0,0.0,0.0,0.0,0.0
0,image_00152,4.50920295715332,0.5,-0.0008631972596049309,109.0384750366211,133.23948669433594,38.10957336425781,0.0,False,False,0.0,0.0,0.0,0.0,0.0
0,image_00153,4.509668350219727,0.5,-0.0007351631647907197,109.48943328857422,133.23963928222656,38.10957336425781,0.0,False,False,0.0,0.0,0.0,0.0,0.0
0,image_00154,4.510103225708008,0.5,-0.0006261261296458542,109.9404296875,133.23976135253906,38.10957336425781,0.0,False,False,0.0,0.0,0.0,0.0,0.0
0,image_00155,4.510507106781006,0.5,-0.0005332723376341164,110.3914794921875,133.2398681640625,38.10957336425781,0.0,False,False,0.0,0.0,0.0,0.0,0.0
0,image_00156,4.510883808135986,0.5,-0.0004542017704807222,110.84256744384766,133.2399139404297,38.10957336425781,0.0,False,False,0.0,0.0,0.0,0.0,0.0
0,image_00157,4.511234283447266,0.5,-0.00038687122287228703,111.2936782836914,133.23997497558594,38.10957336425781,0.0,False,False,0.0,0.0,0.0,0.0,0.0
0,image_00158,4.511562824249268,0.5,-0.00032953833579085767,111.74484252929688,133.239990234375,38.10957336425781,0.0,False,False,0.0,0.0,0.0,0.0,0.0
0,image_00159,4.511868476867676,0.5,-0.00028071945416741073,112.19601440429688,133.239990234375,38.10957336425781,0.0,False,False,0.0,0.0,0.0,0.0,0.0
0,image_00160,4.512155532836914,0.5,-0.00023915187921375036,112.64723205566406,133.239990234375,38.10957336425781,0.0,False,False,0.0,0.0,0.0,0.0,0.0
0,image_00161,4.512420654296875,0.5,-0.00020375919120851904,113.09846496582031,133.239990234375,38.10957336425781,0.0,False,False,0.0,0.0,0.0,0.0,0.0
0,image_00162,4.512669563293457,0.5,-0.00017362463404424489,113.54973602294922,133.23997497558594,38.10957336425781,0.0,False,False,0.0,0.0,0.0,0.0,0.0
0,image_00163,4.512901306152344,0.5,-0.00014817988267168403,114.00101470947266,133.2399139404297,38.10956954956055,0.0,False,False,0.0,0.0,0.0,0.0,0.0
0,image_00164,4.513116836547852,0.5,-0.0001259456475963816,114.45230865478516,133.23985290527344,38.10956954956055,0.0,False,False,0.0,0.0,0.0,0.0,0.0
0,image_00165,4.5133185386657715,0.5,-0.00010763510363176465,114.90365600585938,133.23980712890625,38.10956954956055,0.0,False,False,0.0,0.0,0.0,0.0,0.0
0,image_00166,4.513505935668945,0.5,-9.150438563665375e-05,115.35501098632812,133.23974609375,38.10956954956055,0.0,False,False,0.0,0.0,0.0,0.0,0.0
0,image_00167,4.513680934906006,0.5,-7.798945443937555e-05,115.80636596679688,133.23968505859375,38.10956954956055,0.0,False,False,0.0,0.0,0.0,0.0,0.0
0,image_00168,4.513844966888428,0.5,-6.665435648756102e-05,116.25777435302734,133.2396240234375,38.10956954956055,0.0,False,False,0.0,0.0,0.0,0.0,0.0
0,image_00169,4.51399564743042,0.5,-5.706312003894709e-05,116.70917510986328,133.23956298828125,38.10956954956055,0.0,False,False,0.0,0.0,0.0,0.0,0.0
0,image_00170,4.514136791229248,0.5,-4.87797697132919e-05,117.16058349609375,133.239501953125,38.10956954956055,0.0,False,False,0.0,0.0,0.0,0.0,0.0
0,image_00171,4.514267444610596,0.5,-4.136835195822641e-05,117.61199951171875,133.2394561767578,38.10956954956055,0.0,False,False,0.0,0.0,0.0,0.0,0.0
0,image_00172,4.514389991760254,0.5,-3.570079934434034e-05,118.06346130371094,133.23939514160156,38.10956954956055,0.0,False,False,0.0,0.0,0.0,0.0,0.0
0,image_00173,4.514503479003906,0.5,-3.0469216653727926e-05,118.51493072509766,133.2393341064453,38.10956954956055,0.0,False,False,0.0,0.0,0.0,0.0,0.0
0,image_00174,4.514610290527344,0.5,-2.6109575628652237e-05,118.96639251708984,133.23927307128906,38.10956954956055,0.0,False,False,0.0,0.0,0.0,0.0,0.0
0,image_00175,4.514708995819092,0.5,-2.218587360403035e-05,119.41786193847656,133.2392120361328,38.10956954956055,0.0,False,False,0.0,0.0,0.0,0.0,0.0
0,image_00176,4.514801025390625,0.5,-1.9134129615849815e-05,119.86932373046875,133.23915100097656,38.10956954956055,0.0,False,False,0.0,0.0,0.0,0.0,0.0
0,image_00177,4.514888763427734,0.5,-1.651832280913368e-05,120.32081604003906,133.23910522460938,38.10956954956055,0.0,False,False,0.0,0.0,0.0,0.0,0.0
0,image_00178,4.514969825744629,0.5,-1.4338495930132922e-05,120.7723388671875,133.23904418945312,38.10956954956055,0.0,False,False,0.0,0.0,0.0,0.0,0.0
0,image_00179,4.515044689178467,0.5,-1.2158669051132165e-05,121.22386169433594,133.23898315429688,38.10956954956055,0.0,False,False,0.0,0.0,0.0,0.0,0.0
0,image_00180,4.515114784240723,0.5,-1.041480754793156e-05,121.67538452148438,133.23892211914062,38.10956954956055,0.0,False,False,0.0,0.0,0.0,0.0,0.0
0,image_00181,4.5151801109313965,0.5,-9.10692415345693e-06,122.12691497802734,133.23886108398438,38.10956954956055,0.0,False,False,0.0,0.0,0.0,0.0,0.0
0,image_00182,4.515242099761963,0.5,-7.799015293130651e-06,122.57843780517578,133.23880004882812,38.10956954956055,0.0,False,False,0.0,0.0,0.0,0.0,0.0
0,image_00183,4.515300273895264,0.5,-6.927097274456173e-06,123.02996063232422,133.23875427246094,38.10956954956055,0.0,False,False,0.0,0.0,0.0,0.0,0.0
0,image_00184,4.515355110168457,0.5,-6.0551665228558704e-06,123.48148345947266,133.2386932373047,38.10956954956055,0.0,False,False,0.0,0.0,0.0,0.0,0.0
0,image_00185,4.515403747558594,0.5,-5.183235771255568e-06,123.9330062866211,133.23863220214844,38.10956954956055,0.0,False,False,0.0,0.0,0.0,0.0,0.0
0,image_00186,4.5154500007629395,0.5,-4.747283583128592e-06,124.3845443725586,133.2385711669922,38.10956954956055,0.0,False,False,0.0,0.0,0.0,0.0,0.0
0,image_00187,4.515491962432861,0.5,-3.8753396438551135e-06,124.83612823486328,133.23851013183594,38.10956954956055,0.0,False,False,0.0,0.0,0.0,0.0,0.0
0,image_00188,4.51553201675415,0.5,-3.439374268054962e-06,125.28771209716797,133.2384490966797,38.10956954956055,0.0,False,False,0.0,0.0,0.0,0.0,0.0
0,image_00189,4.515568733215332,0.5,-3.439360853008111e-06,125.73929595947266,133.23838806152344,38.10956954956055,0.0,False,False,0.0,0.0,0.0,0.0,0.0
0,image_00190,4.515604019165039,0.5,-3.0034088922548108e-06,126.19087982177734,133.23834228515625,38.10956954956055,0.0,False,False,0.0,0.0,0.0,0.0,0.0
0,image_00191,4.515635967254639,0.5,-2.5674435164546594e-06,126.6424560546875,133.23828125,38.10956954956055,0.0,False,False,0.0,0.0,0.0,0.0,0.0
0,image_00192,4.5156660079956055,0.5,-2.131478140654508e-06,127.09403991699219,133.23822021484375,38.10956954956055,0.0,False,False,0.0,0.0,0.0,0.0,0.0
0,image_00193,4.5156965255737305,0.5,-2.131478140654508e-06,127.54562377929688,133.2381591796875,38.10956954956055,0.0,False,False,0.0,0.0,0.0,0.0,0.0
0,image_00194,4.515724182128906,0.5,-2.131478140654508e-06,127.99720764160156,133.23809814453125,38.10956954956055,0.0,False,False,0.0,0.0,0.0,0.0,0.0
0,image_00195,4.515748023986816,0.5,-1.6954993498075055e-06,128.44879150390625,133.238037109375,38.10956954956055,0.0,False,False,0.0,0.0,0.0,0.0,0.0
0,image_00196,4.515771865844727,0.5,-1.6954993498075055e-06,128.90037536621094,133.23797607421875,38.10956954956055,0.0,False,False,0.0,0.0,0.0,0.0,0.0
0,image_00197,4.51579475402832,0.5,-1.6954993498075055e-06,129.35194396972656,133.2379150390625,38.10956954956055,0.0,False,False,0.0,0.0,0.0,0.0,0.0
0,image_00198,4.515815734863281,0.5,-1.6954993498075055e-06,129.80352783203125,133.2378692626953,38.10956954956055,0.0,False,False,0.0,0.0,0.0,0.0,0.0
0,image_00199,4.515836238861084,0.5,-1.2595339740073541e-06,130.25511169433594,133.23780822753906,38.10956954956055,0.0,False,False,0.0,0.0,0.0,0.0,0.0
0,image_00200,4.515854835510254,0.5,-1.2595339740073541e-06,130.70669555664062,133.2377471923828,38.10956954956055,0.0,False,False,0.0,0.0,0.0,0.0,0.0
0,image_00201,4.515871047973633,0.5,-1.2595472753673675e-06,131.1582794189453,133.23768615722656,38.10956954956055,0.0,False,False,0.0,0.0,0.0,0.0,0.0
0,image_00202,4.515884876251221,0.5,-1.2595472753673675e-06,131.60986328125,133.23764038085938,38.10956954956055,0.0,False,False,0.0,0.0,0.0,0.0,0.0
0,image_00203,4.515896797180176,0.5,-1.2595339740073541e-06,132.0614471435547,133.23757934570312,38.10956954956055,0.0,False,False,0.0,0.0,0.0,0.0,0.0
0,image_00204,4.5159077644348145,0.5,-1.2595339740073541e-06,132.51303100585938,133.23751831054688,38.10956954956055,0.0,False,False,0.0,0.0,0.0,0.0,0.0
0,image_00205,4.515918254852295,0.5,-1.2595339740073541e-06,132.964599609375,133.23745727539062,38.10956954956055,0.0,False,False,0.0,0.0,0.0,0.0,0.0
0,image_00206,4.515926837921143,0.5,-1.2595339740073541e-06,133.4161834716797,133.23739624023438,38.10956954956055,0.0,False,False,0.0,0.0,0.0,0.0,0.0
0,image_00207,4.515937328338623,0.5,-1.2595339740073541e-06,133.86776733398438,133.23733520507812,38.10956954956055,0.0,False,False,0.0,0.0,0.0,0.0,0.0
0,image_00208,4.5159454345703125,0.5,-8.235818427237973e-07,134.31935119628906,133.23728942871094,38.10956954956055,0.0,False,False,0.0,0.0,0.0,0.0,0.0
0,image_00209,4.51595401763916,0.5,-8.235818427237973e-07,134.77093505859375,133.2372283935547,38.10956954956055,0.0,False,False,0.0,0.0,0.0,0.0,0.0
0,image_00210,4.515963554382324,0.5,-1.2595339740073541e-06,135.22251892089844,133.23716735839844,38.10956954956055,0.0,False,False,0.0,0.0,0.0,0.0,0.0
0,image_00211,4.515971660614014,0.5,-8.235951440838107e-07,135.67410278320312,133.2371063232422,38.10956954956055,0.0,False,False,0.0,0.0,0.0,0.0,0.0
0,image_00212,4.515980243682861,0.5,-1.2595339740073541e-06,136.1256866455078,133.23704528808594,38.10956954956055,0.0,False,False,0.0,0.0,0.0,0.0,0.0
0,image_00213,4.515985488891602,0.5,-8.235818427237973e-07,136.57725524902344,133.2369842529297,38.10956954956055,0.0,False,False,0.0,0.0,0.0,0.0,0.0
0,image_00214,4.515992164611816,0.5,-8.235818427237973e-07,137.02883911132812,133.23692321777344,38.10956954956055,0.0,False,False,0.0,0.0,0.0,0.0,0.0
0,image_00215,4.515998840332031,0.5,-1.2595339740073541e-06,137.4804229736328,133.23687744140625,38.10956954956055,0.0,False,False,0.0,0.0,0.0,0.0,0.0
0,image_00216,4.51600456237793,0.5,-8.235818427237973e-07,137.9320068359375,133.23681640625,38.10956954956055,0.0,False,False,0.0,0.0,0.0,0.0,0.0
0,image_00217,4.51600980758667,0.5,-8.235818427237973e-07,138.3835906982422,133.23675537109375,38.10956954956055,0.0,False,False,0.0,0.0,0.0,0.0,0.0
0,image_00218,4.51601505279541,0.5,-1.2595339740073541e-06,138.83517456054688,133.2366943359375,38.10956954956055,0.0,False,False,0.0,0.0,0.0,0.0,0.0
0,image_00219,4.516019344329834,0.5,-8.235818427237973e-07,139.28675842285156,133.23663330078125,38.10956954956055,0.0,False,False,0.0,0.0,0.0,0.0,0.0
0,image_00220,4.516024589538574,0.5,-8.235818427237973e-07,139.73834228515625,133.236572265625,38.10956954956055,0.0,False,False,0.0,0.0,0.0,0.0,0.0
0,image_00221,4.51602840423584,0.5,-1.2595339740073541e-06,140.1899871826172,133.2365264892578,38.10956954956055,0.0,False,False,0.0,0.0,0.0,0.0,0.0
0,image_00222,4.5160322189331055,0.5,-8.235818427237973e-07,140.64163208007812,133.23646545410156,38.10956954956055,0.0,False,False,0.0,0.0,0.0,0.0,0.0
0,image_00223,4.516032695770264,0.5,-8.235818427237973e-07,141.09326171875,133.2364044189453,38.10956954956055,0.0,False,False,0.0,0.0,0.0,0.0,0.0
0,image_00224,4.51603364944458,0.5,-1.2595339740073541e-06,141.54490661621094,133.23634338378906,38.10956954956055,0.0,False,False,0.0,0.0,0.0,0.0,0.0
0,image_00225,4.5160346031188965,0.5,-8.235818427237973e-07,141.99655151367188,133.2362823486328,38.10956954956055,0.0,False,False,0.0,0.0,0.0,0.0,0.0
0,image_00226,4.516035556793213,0.5,-8.235818427237973e-07,142.4481964111328,133.23622131347656,38.10956954956055,0.0,False,False,0.0,0.0,0.0,0.0,0.0
0,image_00227,4.5160393714904785,0.5,-1.2595339740073541e-06,142.8998260498047,133.23617553710938,38.10956954956055,0.0,False,False,0.0,0.0,0.0,0.0,0.0
0,image_00228,4.516043186187744,0.5,-8.235818427237973e-07,143.35147094726562,133.23611450195312,38.10956954956055,0.0,False,False,0.0,0.0,0.0,0.0,0.0
0,image_00229,4.516045570373535,0.5,-1.2595339740073541e-06,143.80311584472656,133.23605346679688,38.10956954956055,0.0,False,False,0.0,0.0,0.0,0.0,0.0
0,image_00230,4.51604700088501,0.5,-8.235818427237973e-07,144.25474548339844,133.23599243164062,38.10956954956055,0.0,False,False,0.0,0.0,0.0,0.0,0.0
0,image_00231,4.516049385070801,0.5,-8.235818427237973e-07,144.70639038085938,133.23593139648438,38.10956954956055,0.0,False,False,0.0,0.0,0.0,0.0,0.0
0,image_00232,4.516052722930908,0.5,-1.2595339740073541e-06,145.1580352783203,133.23587036132812,38.10956954956055,0.0,False,False,0.0,0.0,0.0,0.0,0.0
0,image_00233,4.516054153442383,0.5,-8.235818427237973e-07,145.60968017578125,133.23582458496094,38.10956954956055,0.0,False,False,0.0,0.0,0.0,0.0,0.0
0,image_00234,4.516053199768066,0.5,-8.235818427237973e-07,146.06130981445312,133.2357635498047,38.10956954956055,0.0,False,False,0.0,0.0,0.0,0.0,0.0
0,image_00235,4.516052722930908,0.5,-1.2595339740073541e-06,146.51295471191406,133.23570251464844,38.10956954956055,0.0,False,False,0.0,0.0,0.0,0.0,0.0
0,image_00236,4.51605224609375,0.5,-8.235818427237973e-07,146.964599609375,133.2356414794922,38.10956954956055,0.0,False,False,0.0,0.0,0.0,0.0,0.0
0,image_00237,4.51605224609375,0.5,-8.235818427237973e-07,147.41624450683594,133.23558044433594,38.10956954956055,0.0,False,False,0.0,0.0,0.0,0.0,0.0
0,image_00238,4.516053199768066,0.5,-1.2595339740073541e-06,147.8678741455078,133.2355194091797,38.10956954956055,0.0,False,False,0.0,0.0,0.0,0.0,0.0
0,image_00239,4.516054153442383,0.5,-8.235818427237973e-07,148.31951904296875,133.23545837402344,38.10956954956055,0.0,False,False,0.0,0.0,0.0,0.0,0.0
0,image_00240,4.516057014465332,0.5,-8.235818427237973e-07,148.7711639404297,133.23541259765625,38.10956954956055,0.0,False,False,0.0,0.0,0.0,0.0,0.0
0,image_00241,4.51605749130249,0.5,-1.2595339740073541e-06,149.22279357910156,133.2353515625,38.10956954956055,0.0,False,False,0.0,0.0,0.0,0.0,0.0
0,image_00242,4.516059398651123,0.5,-8.235818427237973e-07,149.6744384765625,133.23529052734375,38.10956954956055,0.0,False,False,0.0,0.0,0.0,0.0,0.0
0,image_00243,4.5160603523254395,0.5,-8.235818427237973e-07,150.12608337402344,133.2352294921875,38.10956954956055,0.0,False,False,0.0,0.0,0.0,0.0,0.0
0,image_00244,4.516060829162598,0.5,-1.2595339740073541e-06,150.57772827148438,133.23516845703125,38.10956954956055,0.0,False,False,0.0,0.0,0.0,0.0,0.0
0,image_00245,4.516060829162598,0.5,-8.235818427237973e-07,151.02935791015625,133.235107421875,38.10956954956055,0.0,False,False,0.0,0.0,0.0,0.0,0.0
0,image_00246,4.516059875488281,0.5,-8.235818427237973e-07,151.4810028076172,133.23504638671875,38.10956954956055,0.0,False,False,0.0,0.0,0.0,0.0,0.0
0,image_00247,4.516058921813965,0.5,-1.2595339740073541e-06,151.93264770507812,133.2349853515625,38.10956954956055,0.0,False,False,0.0,0.0,0.0,0.0,0.0
0,image_00248,4.516059398651123,0.5,-8.235818427237973e-07,152.38427734375,133.23492431640625,38.10956954956055,0.0,False,False,0.0,0.0,0.0,0.0,0.0
0,image_00249,4.516058444976807,0.5,-1.2595339740073541e-06,152.83592224121094,133.23487854003906,38.10956954956055,0.0,False,False,0.0,0.0,0.0,0.0,0.0
0,image_00250,4.516058444976807,0.5,-8.235818427237973e-07,153.28756713867188,133.2348175048828,38.10956954956055,0.0,False,False,0.0,0.0,0.0,0.0,0.0
0,image_00251,4.516059875488281,0.5,-8.235818427237973e-07,153.7392120361328,133.23475646972656,38.10956954956055,0.0,False,False,0.0,0.0,0.0,0.0,0.0
0,image_00252,4.516059875488281,0.5,-1.2595339740073541e-06,154.1908416748047,133.23471069335938,38.10956954956055,0.0,False,False,0.0,0.0,0.0,0.0,0.0
0,image_00253,4.516060829162598,0.5,-8.235818427237973e-07,154.64248657226562,133.23464965820312,38.10956954956055,0.0,False,False,0.0,0.0,0.0,0.0,0.0
0,image_00254,4.516061305999756,0.5,-8.235818427237973e-07,155.09413146972656,133.23458862304688,38.10956954956055,0.0,False,False,0.0,0.0,0.0,0.0,0.0
0,image_00255,4.516061782836914,0.5,-1.2595339740073541e-06,155.54576110839844,133.23452758789062,38.10956954956055,0.0,False,False,0.0,0.0,0.0,0.0,0.0
0,image_00256,4.516063690185547,0.5,-8.235818427237973e-07,155.99740600585938,133.23446655273438,38.10956954956055,0.0,False,False,0.0,0.0,0.0,0.0,0.0
0,image_00257,4.5160627365112305,0.5,-8.235818427237973e-07,156.4490509033203,133.23440551757812,38.10956954956055,0.0,False,False,0.0,0.0,0.0,0.0,0.0
0,image_00258,4.516062259674072,0.5,-1.2595339740073541e-06,156.90069580078125,133.23434448242188,38.10956954956055,0.0,False,False,0.0,0.0,0.0,0.0,0.0
0,image_00259,4.516061782836914,0.5,-8.235818427237973e-07,157.35232543945312,133.23428344726562,38.10956954956055,0.0,False,False,0.0,0.0,0.0,0.0,0.0
0,image_00260,4.516061305999756,0.5,-8.235818427237973e-07,157.80397033691406,133.23423767089844,38.10956954956055,0.0,False,False,0.0,0.0,0.0,0.0,0.0
0,image_00261,4.5160603523254395,0.5,-1.2595339740073541e-06,158.255615234375,133.2341766357422,38.10956954956055,0.0,False,False,0.0,0.0,0.0,0.0,0.0
0,image_00262,4.516061305999756,0.5,-8.235818427237973e-07,158.70724487304688,133.23411560058594,38.10956954956055,0.0,False,False,0.0,0.0,0.0,0.0,0.0
0,image_00263,4.5160627365112305,0.5,-8.235818427237973e-07,159.1588897705078,133.2340545654297,38.10956954956055,0.0,False,False,0.0,0.0,0.0,0.0,0.0
0,image_00264,4.5160627365112305,0.5,-1.2595339740073541e-06,159.61053466796875,133.23399353027344,38.10956954956055,0.0,False,False,0.0,0.0,0.0,0.0,0.0
0,image_00265,4.5160627365112305,0.5,-8.235951440838107e-07,160.0621795654297,133.23394775390625,38.10956954956055,0.0,False,False,0.0,0.0,0.0,0.0,0.0
0,image_00266,4.5160651206970215,0.5,-8.235818427237973e-07,160.51380920410156,133.23388671875,38.10956954956055,0.0,False,False,0.0,0.0,0.0,0.0,0.0
0,image_00267,4.5160651206970215,0.5,-1.2595339740073541e-06,160.9654541015625,133.23382568359375,38.10956954956055,0.0,False,False,0.0,0.0,0.0,0.0,0.0
0,image_00268,4.5160651206970215,0.5,-8.235818427237973e-07,161.41709899902344,133.2337646484375,38.10956954956055,0.0,False,False,0.0,0.0,0.0,0.0,0.0
0,image_00269,4.516064167022705,0.5,-1.2595339740073541e-06,161.86874389648438,133.23370361328125,38.10956954956055,0.0,False,False,0.0,0.0,0.0,0.0,0.0
0,image_00270,4.516063690185547,0.5,-8.235951440838107e-07,162.32037353515625,133.233642578125,38.10956954956055,0.0,False,False,0.0,0.0,0.0,0.0,0.0
0,image_00271,4.516064167022705,0.5,-8.235818427237973e-07,162.7720184326172,133.2335968017578,38.10956954956055,0.0,False,False,0.0,0.0,0.0,0.0,0.0
0,image_00272,4.516064167022705,0.5,-1.2595472753673675e-06,163.22366333007812,133.23353576660156,38.10956954956055,0.0,False,False,0.0,0.0,0.0,0.0,0.0
0,image_00273,4.516063213348389,0.5,-8.235818427237973e-07,163.67529296875,133.2334747314453,38.10956954956055,0.0,False,False,0.0,0.0,0.0,0.0,0.0
0,image_00274,4.516064167022705,0.5,-8.235818427237973e-07,164.12692260742188,133.23341369628906,38.10956954956055,0.0,False,False,0.0,0.0,0.0,0.0,0.0
0,image_00275,4.516064167022705,0.5,-1.2595472753673675e-06,164.5785675048828,133.2333526611328,38.10956954956055,0.0,False,False,0.0,0.0,0.0,0.0,0.0
0,image_00276,4.516064167022705,0.5,-8.235818427237973e-07,165.03021240234375,133.23329162597656,38.10956954956055,0.0,False,False,0.0,0.0,0.0,0.0,0.0
0,image_00277,4.516066074371338,0.5,-8.235818427237973e-07,165.4818572998047,133.23324584960938,38.10956954956055,0.0,False,False,0.0,0.0,0.0,0.0,0.0
0,image_00278,4.516066074371338,0.5,-1.2595339740073541e-06,165.93348693847656,133.23318481445312,38.10956954956055,0.0,False,False,0.0,0.0,0.0,0.0,0.0
0,image_00279,4.516068458557129,0.5,-8.235818427237973e-07,166.3851318359375,133.23312377929688,38.10956954956055,0.0,False,False,0.0,0.0,0.0,0.0,0.0
0,image_00280,4.516070365905762,0.5,-8.235818427237973e-07,166.83677673339844,133.23306274414062,38.10956954956055,0.0,False,False,0.0,0.0,0.0,0.0,0.0
0,image_00281,4.516069412231445,0.5,-1.2595339740073541e-06,167.28842163085938,133.23300170898438,38.10956954956055,0.0,False,False,0.0,0.0,0.0,0.0,0.0
0,image_00282,4.516069412231445,0.5,-8.235818427237973e-07,167.74005126953125,133.23294067382812,38.10956954956055,0.0,False,False,0.0,0.0,0.0,0.0,0.0
0,image_00283,4.516069412231445,0.5,-8.235818427237973e-07,168.1916961669922,133.2328643798828,38.10956954956055,0.0,False,False,0.0,0.0,0.0,0.0,0.0
0,image_00284,4.5160675048828125,0.5,-1.2595339740073541e-06,168.64334106445312,133.23281860351562,38.10956954956055,0.0,False,False,0.0,0.0,0.0,0.0,0.0
0,image_00285,4.516066074371338,0.5,-8.235818427237973e-07,169.094970703125,133.23275756835938,38.10957336425781,0.0,False,False,0.0,0.0,0.0,0.0,0.0
0,image_00286,4.516064167022705,0.5,-8.235818427237973e-07,169.54661560058594,133.23269653320312,38.10957336425781,0.0,False,False,0.0,0.0,0.0,0.0,0.0
0,image_00287,4.516063213348389,0.5,-1.2595339740073541e-06,169.99826049804688,133.23265075683594,38.10957336425781,0.0,False,False,0.0,0.0,0.0,0.0,0.0
0,image_00288,4.516061782836914,0.5,-8.235818427237973e-07,170.4499053955078,133.2325897216797,38.10957336425781,0.0,False,False,0.0,0.0,0.0,0.0,0.0
0,image_00289,4.516060829162598,0.5,-8.235818427237973e-07,170.9015350341797,133.23252868652344,38.10957336425781,0.0,False,False,0.0,0.0,0.0,0.0,0.0
0,image_00290,4.516059875488281,0.5,-1.2595339740073541e-06,171.35317993164062,133.2324676513672,38.10957336425781,0.0,False,False,0.0,0.0,0.0,0.0,0.0
0,image_00291,4.516059398651123,0.5,-8.235818427237973e-07,171.80482482910156,133.23240661621094,38.10957336425781,0.0,False,False,0.0,0.0,0.0,0.0,0.0
0,image_00292,4.516059398651123,0.5,-1.2595339740073541e-06,172.25645446777344,133.2323455810547,38.10957336425781,0.0,False,False,0.0,0.0,0.0,0.0,0.0
0,image_00293,4.516059398651123,0.5,-8.235818427237973e-07,172.70809936523438,133.23228454589844,38.10957336425781,0.0,False,False,0.0,0.0,0.0,0.0,0.0
0,image_00294,4.516058444976807,0.5,-8.235818427237973e-07,173.1597442626953,133.23223876953125,38.10956954956055,0.0,False,False,0.0,0.0,0.0,0.0,0.0
0,image_00295,4.516059875488281,0.5,-1.2595339740073541e-06,173.61138916015625,133.232177734375,38.10956954956055,0.0,False,False,0.0,0.0,0.0,0.0,0.0
0,image_00296,4.516061782836914,0.5,-8.235818427237973e-07,174.06301879882812,133.23211669921875,38.10956954956055,0.0,False,False,0.0,0.0,0.0,0.0,0.0
0,image_00297,4.516062259674072,0.5,-8.235818427237973e-07,174.51466369628906,133.2320556640625,38.10956954956055,0.0,False,False,0.0,0.0,0.0,0.0,0.0
0,image_00298,4.516063213348389,0.5,-1.2595339740073541e-06,174.96630859375,133.23199462890625,38.10956954956055,0.0,False,False,0.0,0.0,0.0,0.0,0.0
0,image_00299,4.5160627365112305,0.5,-8.235818427237973e-07,175.41793823242188,133.23193359375,38.10956954956055,0.0,False,False,0.0,0.0,0.0,0.0,0.0
0,image_00300,4.5160627365112305,0.5,-8.235818427237973e-07,175.8695831298828,133.2318878173828,38.10956954956055,0.0,False,False,0.0,0.0,0.0,0.0,0.0
0,image_00301,4.516064167022705,0.5,-1.2595339740073541e-06,176.32122802734375,133.23182678222656,38.10956954956055,0.0,False,False,0.0,0.0,0.0,0.0,0.0
0,image_00302,4.51606559753418,0.5,-8.235818427237973e-07,176.7728729248047,133.2317657470703,38.10956954956055,0.0,False,False,0.0,0.0,0.0,0.0,0.0
0,image_00303,4.51606559753418,0.5,-8.235818427237973e-07,177.22450256347656,133.23170471191406,38.10956954956055,0.0,False,False,0.0,0.0,0.0,0.0,0.0
0,image_00304,4.5160651206970215,0.5,-1.2595339740073541e-06,177.6761474609375,133.2316436767578,38.10956954956055,0.0,False,False,0.0,0.0,0.0,0.0,0.0
0,image_00305,4.5160651206970215,0.5,-8.235818427237973e-07,178.12779235839844,133.23158264160156,38.10956954956055,0.0,False,False,0.0,0.0,0.0,0.0,0.0
0,image_00306,4.516066074371338,0.5,-8.235818427237973e-07,178.5794219970703,133.23153686523438,38.10956954956055,0.0,False,False,0.0,0.0,0.0,0.0,0.0
0,image_00307,4.516064643859863,0.5,-1.2595339740073541e-06,179.03106689453125,133.23147583007812,38.10956954956055,0.0,False,False,0.0,0.0,0.0,0.0,0.0
0,image_00308,4.5160651206970215,0.5,-8.235818427237973e-07,179.4827117919922,133.23141479492188,38.10956954956055,0.0,False,False,0.0,0.0,0.0,0.0,0.0
0,image_00309,4.516066551208496,0.5,-8.235818427237973e-07,179.93435668945312,133.23135375976562,38.10956954956055,0.0,False,False,0.0,0.0,0.0,0.0,0.0
0,image_00310,4.516067981719971,0.5,-1.2595339740073541e-06,180.385986328125,133.23129272460938,38.10956954956055,0.0,False,False,0.0,0.0,0.0,0.0,0.0
0,image_00311,4.5160675048828125,0.5,-8.235951440838107e-07,180.83763122558594,133.23123168945312,38.10956954956055,0.0,False,False,0.0,0.0,0.0,0.0,0.0
0,image_00312,4.51606559753418,0.5,-1.2595339740073541e-06,181.28927612304688,133.23118591308594,38.10956954956055,0.0,False,False,0.0,0.0,0.0,0.0,0.0
0,image_00313,4.5160651206970215,0.5,-8.235818427237973e-07,181.7409210205078,133.2311248779297,38.10956954956055,0.0,False,False,0.0,0.0,0.0,0.0,0.0
0,image_00314,4.516063213348389,0.5,-8.235951440838107e-07,182.1925506591797,133.23106384277344,38.10956954956055,0.0,False,False,0.0,0.0,0.0,0.0,0.0
0,image_00315,4.5160627365112305,0.5,-1.2595339740073541e-06,182.64419555664062,133.2310028076172,38.10956954956055,0.0,False,False,0.0,0.0,0.0,0.0,0.0
0,image_00316,4.516064167022705,0.5,-8.235951440838107e-07,183.09584045410156,133.23094177246094,38.10956954956055,0.0,False,False,0.0,0.0,0.0,0.0,0.0
0,image_00317,4.51606559753418,0.5,-8.235818427237973e-07,183.54747009277344,133.2308807373047,38.10956954956055,0.0,False,False,0.0,0.0,0.0,0.0,0.0
0,image_00318,4.516064643859863,0.5,-1.2595339740073541e-06,183.99911499023438,133.23081970214844,38.10956954956055,0.0,False,False,0.0,0.0,0.0,0.0,0.0
0,image_00319,4.516064167022705,0.5,-8.235818427237973e-07,184.4507598876953,133.23077392578125,38.10956954956055,0.0,False,False,0.0,0.0,0.0,0.0,0.0
0,image_00320,4.516067028045654,0.5,-8.235818427237973e-07,184.90240478515625,133.230712890625,38.10956954956055,0.0,False,False,0.0,0.0,0.0,0.0,0.0
0,image_00321,4.516068458557129,0.5,-1.2595339740073541e-06,185.35403442382812,133.23065185546875,38.10956954956055,0.0,False,False,0.0,0.0,0.0,0.0,0.0
0,image_00322,4.516067028045654,0.5,-8.235818427237973e-07,185.80567932128906,133.2305908203125,38.10956954956055,0.0,False,False,0.0,0.0,0.0,0.0,0.0
0,image_00323,4.516067028045654,0.5,-8.235818427237973e-07,186.25732421875,133.23052978515625,38.10956954956055,0.0,False,False,0.0,0.0,0.0,0.0,0.0
0,image_00324,4.516067028045654,0.5,-1.2595339740073541e-06,186.70895385742188,133.23046875,38.10956954956055,0.0,False,False,0.0,0.0,0.0,0.0,0.0
0,image_00325,4.51606559753418,0.5,-8.235818427237973e-07,187.1605987548828,133.2304229736328,38.10956954956055,0.0,False,False,0.0,0.0,0.0,0.0,0.0
0,image_00326,4.51606559753418,0.5,-8.235818427237973e-07,187.61224365234375,133.23036193847656,38.10956954956055,0.0,False,False,0.0,0.0,0.0,0.0,0.0
0,image_00327,4.5160651206970215,0.5,-1.2595339740073541e-06,188.0638885498047,133.23028564453125,38.10956954956055,0.0,False,False,0.0,0.0,0.0,0.0,0.0
0,image_00328,4.5160651206970215,0.5,-8.235818427237973e-07,188.51551818847656,133.23023986816406,38.10956954956055,0.0,False,False,0.0,0.0,0.0,0.0,0.0
0,image_00329,4.516064643859863,0.5,-8.235818427237973e-07,188.9671630859375,133.2301788330078,38.10956954956055,0.0,False,False,0.0,0.0,0.0,0.0,0.0
0,image_00330,4.516063213348389,0.5,-1.2595339740073541e-06,189.41880798339844,133.23011779785156,38.10956954956055,0.0,False,False,0.0,0.0,0.0,0.0,0.0
0,image_00331,4.516063213348389,0.5,-8.235818427237973e-07,189.8704376220703,133.23007202148438,38.10956954956055,0.0,False,False,0.0,0.0,0.0,0.0,0.0
0,image_00332,4.516063213348389,0.5,-8.235818427237973e-07,190.32208251953125,133.23001098632812,38.10956954956055,0.0,False,False,0.0,0.0,0.0,0.0,0.0
0,image_00333,4.516064643859863,0.5,-1.2595339740073541e-06,190.7737274169922,133.22994995117188,38.10956954956055,0.0,False,False,0.0,0.0,0.0,0.0,0.0
0,image_00334,4.516067028045654,0.5,-8.235818427237973e-07,191.22537231445312,133.22988891601562,38.10956954956055,0.0,False,False,0.0,0.0,0.0,0.0,0.0
0,image_00335,4.516069412231445,0.5,-1.2595339740073541e-06,191.677001953125,133.22982788085938,38.10956954956055,0.0,False,False,0.0,0.0,0.0,0.0,0.0
0,image_00336,4.516069412231445,0.5,-8.235818427237973e-07,192.12864685058594,133.22976684570312,38.10956954956055,0.0,False,False,0.0,0.0,0.0,0.0,0.0
0,image_00337,4.516067028045654,0.5,-8.235818427237973e-07,192.58029174804688,133.22972106933594,38.10956954956055,0.0,False,False,0.0,0.0,0.0,0.0,0.0
0,image_00338,4.5160651206970215,0.5,-1.2595472753673675e-06,193.0319366455078,133.2296600341797,38.10956954956055,0.0,False,False,0.0,0.0,0.0,0.0,0.0
0,image_00339,4.516066551208496,0.5,-8.235818427237973e-07,193.4835662841797,133.22959899902344,38.10956954956055,0.0,False,False,0.0,0.0,0.0,0.0,0.0
0,image_00340,4.5160675048828125,0.5,-8.235818427237973e-07,193.93521118164062,133.2295379638672,38.10956954956055,0.0,False,False,0.0,0.0,0.0,0.0,0.0
0,image_00341,4.5160675048828125,0.5,-1.2595339740073541e-06,194.38685607910156,133.22947692871094,38.10956954956055,0.0,False,False,0.0,0.0,0.0,0.0,0.0
0,image_00342,4.5160675048828125,0.5,-8.235818427237973e-07,194.83848571777344,133.2294158935547,38.10956954956055,0.0,False,False,0.0,0.0,0.0,0.0,0.0
0,image_00343,4.516067028045654,0.5,-8.235951440838107e-07,195.29013061523438,133.22935485839844,38.10956954956055,0.0,False,False,0.0,0.0,0.0,0.0,0.0
0,image_00344,4.516067028045654,0.5,-1.2595339740073541e-06,195.7417755126953,133.22930908203125,38.10956954956055,0.0,False,False,0.0,0.0,0.0,0.0,0.0
0,image_00345,4.516067028045654,0.5,-8.235818427237973e-07,196.19342041015625,133.22923278808594,38.10956954956055,0.0,False,False,0.0,0.0,0.0,0.0,0.0
0,image_00346,4.51606559753418,0.5,-8.235818427237973e-07,196.64505004882812,133.2291717529297,38.10956954956055,0.0,False,False,0.0,0.0,0.0,0.0,0.0
0,image_00347,4.51606559753418,0.5,-1.2595339740073541e-06,197.09669494628906,133.2291259765625,38.10956954956055,0.0,False,False,0.0,0.0,0.0,0.0,0.0
0,image_00348,4.51606559753418,0.5,-8.235818427237973e-07,197.54833984375,133.22906494140625,38.10956954956055,0.0,False,False,0.0,0.0,0.0,0.0,0.0
0,image_00349,4.51606559753418,0.5,-8.235818427237973e-07,197.99996948242188,133.22900390625,38.10956954956055,0.0,False,False,0.0,0.0,0.0,0.0,0.0
0,image_00350,4.51606559753418,0.5,-1.2595339740073541e-06,198.4516143798828,133.22894287109375,38.10956954956055,0.0,False,False,0.0,0.0,0.0,0.0,0.0
0,image_00351,4.51606559753418,0.5,-8.235818427237973e-07,198.90325927734375,133.2288818359375,38.10956954956055,0.0,False,False,0.0,0.0,0.0,0.0,0.0
0,image_00352,4.516064167022705,0.5,-8.235818427237973e-07,199.3549041748047,133.22882080078125,38.10956954956055,0.0,False,False,0.0,0.0,0.0,0.0,0.0
0,image_00353,4.5160651206970215,0.5,-1.2595339740073541e-06,199.80653381347656,133.228759765625,38.10956954956055,0.0,False,False,0.0,0.0,0.0,0.0,0.0
0,image_00354,4.516067028045654,0.5,-8.235818427237973e-07,200.2581787109375,133.2287139892578,38.10956954956055,0.0,False,False,0.0,0.0,0.0,0.0,0.0
0,image_00355,4.516068458557129,0.5,-1.2595339740073541e-06,200.70982360839844,133.22865295410156,38.10956954956055,0.0,False,False,0.0,0.0,0.0,0.0,0.0
0,image_00356,4.516069412231445,0.5,-8.235818427237973e-07,201.1614532470703,133.22857666015625,38.10956954956055,0.0,False,False,0.0,0.0,0.0,0.0,0.0
0,image_00357,4.516068935394287,0.5,-8.235818427237973e-07,201.61309814453125,133.228515625,38.10956954956055,0.0,False,False,0.0,0.0,0.0,0.0,0.0
0,image_00358,4.516068935394287,0.5,-1.2595339740073541e-06,202.0647430419922,133.2284698486328,38.10956954956055,0.0,False,False,0.0,0.0,0.0,0.0,0.0
0,image_00359,4.516068935394287,0.5,-8.235818427237973e-07,202.51638793945312,133.22836303710938,38.10956954956055,0.0,False,False,0.0,0.0,0.0,0.0,0.0
0,image_00360,4.5160675048828125,0.5,-8.235818427237973e-07,202.968017578125,133.22830200195312,38.10956954956055,0.0,False,False,0.0,0.0,0.0,0.0,0.0
0,image_00361,4.516066074371338,0.5,-1.2595339740073541e-06,203.41966247558594,133.22825622558594,38.10956954956055,0.0,False,False,0.0,0.0,0.0,0.0,0.0
0,image_00362,4.516064643859863,0.5,-8.235818427237973e-07,203.87130737304688,133.2281951904297,38.10956954956055,0.0,False,False,0.0,0.0,0.0,0.0,0.0
0,image_00363,4.516063213348389,0.5,-8.235818427237973e-07,204.3229522705078,133.22813415527344,38.10956954956055,0.0,False,False,0.0,0.0,0.0,0.0,0.0
0,image_00364,4.5160627365112305,0.5,-1.2595339740073541e-06,204.7745819091797,133.2280731201172,38.10956954956055,0.0,False,False,0.0,0.0,0.0,0.0,0.0
0,image_00365,4.5160627365112305,0.5,-8.235818427237973e-07,205.22622680664062,133.22801208496094,38.10956954956055,0.0,False,False,0.0,0.0,0.0,0.0,0.0
0,image_00366,4.516063213348389,0.5,-8.235818427237973e-07,205.67787170410156,133.2279510498047,38.10956954956055,0.0,False,False,0.0,0.0,0.0,0.0,0.0
0,image_00367,4.516063213348389,0.5,-1.2595339740073541e-06,206.12950134277344,133.22789001464844,38.10956954956055,0.0,False,False,0.0,0.0,0.0,0.0,0.0
0,image_00368,4.516064167022705,0.5,-8.235818427237973e-07,206.58114624023438,133.22784423828125,38.10956954956055,0.0,False,False,0.0,0.0,0.0,0.0,0.0
0,image_00369,4.516064643859863,0.5,-8.235818427237973e-07,207.0327911376953,133.227783203125,38.10956954956055,0.0,False,False,0.0,0.0,0.0,0.0,0.0
0,image_00370,4.516064643859863,0.5,-1.2595339740073541e-06,207.48443603515625,133.22772216796875,38.10956954956055,0.0,False,False,0.0,0.0,0.0,0.0,0.0
0,image_00371,4.516064167022705,0.5,-8.235818427237973e-07,207.93606567382812,133.2276611328125,38.10956954956055,0.0,False,False,0.0,0.0,0.0,0.0,0.0
0,image_00372,4.5160627365112305,0.5,-8.235818427237973e-07,208.38771057128906,133.22760009765625,38.10956954956055,0.0,False,False,0.0,0.0,0.0,0.0,0.0
0,image_00373,4.516064167022705,0.5,-1.2595339740073541e-06,208.83935546875,133.2275390625,38.10956954956055,0.0,False,False,0.0,0.0,0.0,0.0,0.0
0,image_00374,4.516067028045654,0.5,-8.235818427237973e-07,209.29098510742188,133.2274932861328,38.10956954956055,0.0,False,False,0.0,0.0,0.0,0.0,0.0
0,image_00375,4.516067028045654,0.5,-1.2595339740073541e-06,209.7426300048828,133.22743225097656,38.10956954956055,0.0,False,False,0.0,0.0,0.0,0.0,0.0
0,image_00376,4.516067028045654,0.5,-8.235818427237973e-07,210.19427490234375,133.2273712158203,38.10956954956055,0.0,False,False,0.0,0.0,0.0,0.0,0.0
0,image_00377,4.516066074371338,0.5,-8.235951440838107e-07,210.6459197998047,133.22731018066406,38.10956954956055,0.0,False,False,0.0,0.0,0.0,0.0,0.0
0,image_00378,4.516066074371338,0.5,-1.2595339740073541e-06,211.09754943847656,133.2272491455078,38.10956954956055,0.0,False,False,0.0,0.0,0.0,0.0,0.0
0,image_00379,4.516066074371338,0.5,-8.235818427237973e-07,211.5491943359375,133.22718811035156,38.10956954956055,0.0,False,False,0.0,0.0,0.0,0.0,0.0
0,image_00380,4.516066074371338,0.5,-8.235818427237973e-07,212.00083923339844,133.2271270751953,38.10956954956055,0.0,False,False,0.0,0.0,0.0,0.0,0.0
0,image_00381,4.516066074371338,0.5,-1.2595339740073541e-06,212.4524688720703,133.22706604003906,38.10956954956055,0.0,False,False,0.0,0.0,0.0,0.0,0.0
0,image_00382,4.516066074371338,0.5,-8.235818427237973e-07,212.90411376953125,133.2270050048828,38.10956954956055,0.0,False,False,0.0,0.0,0.0,0.0,0.0
0,image_00383,4.51606559753418,0.5,-8.235818427237973e-07,213.3557586669922,133.22694396972656,38.10956954956055,0.0,False,False,0.0,0.0,0.0,0.0,0.0
0,image_00384,4.51606559753418,0.5,-1.2595339740073541e-06,213.80740356445312,133.22689819335938,38.10956954956055,0.0,False,False,0.0,0.0,0.0,0.0,0.0
0,image_00385,4.51606559753418,0.5,-8.235818427237973e-07,214.259033203125,133.22683715820312,38.10956954956055,0.0,False,False,0.0,0.0,0.0,0.0,0.0
0,image_00386,4.516064167022705,0.5,-8.235818427237973e-07,214.71067810058594,133.22677612304688,38.10956954956055,0.0,False,False,0.0,0.0,0.0,0.0,0.0
0,image_00387,4.516064167022705,0.5,-1.2595339740073541e-06,215.16232299804688,133.22671508789062,38.10956954956055,0.0,False,False,0.0,0.0,0.0,0.0,0.0
0,image_00388,4.516063213348389,0.5,-8.235818427237973e-07,215.61395263671875,133.22665405273438,38.10956954956055,0.0,False,False,0.0,0.0,0.0,0.0,0.0
0,image_00389,4.516063690185547,0.5,-8.235818427237973e-07,216.0655975341797,133.22659301757812,38.10956954956055,0.0,False,False,0.0,0.0,0.0,0.0,0.0
0,image_00390,4.5160651206970215,0.5,-1.2595339740073541e-06,216.51724243164062,133.22654724121094,38.10956954956055,0.0,False,False,0.0,0.0,0.0,0.0,0.0
0,image_00391,4.5160651206970215,0.5,-8.235818427237973e-07,216.96888732910156,133.2264862060547,38.10956954956055,0.0,False,False,0.0,0.0,0.0,0.0,0.0
0,image_00392,4.516066551208496,0.5,-8.235818427237973e-07,217.42051696777344,133.22642517089844,38.10956954956055,0.0,False,False,0.0,0.0,0.0,0.0,0.0
0,image_00393,4.516067028045654,0.5,-1.2595339740073541e-06,217.87216186523438,133.2263641357422,38.10956954956055,0.0,False,False,0.0,0.0,0.0,0.0,0.0
0,image_00394,4.516067028045654,0.5,-8.235818427237973e-07,218.3238067626953,133.22630310058594,38.10956954956055,0.0,False,False,0.0,0.0,0.0,0.0,0.0
0,image_00395,4.516067028045654,0.5,-8.235818427237973e-07,218.77545166015625,133.2262420654297,38.10956954956055,0.0,False,False,0.0,0.0,0.0,0.0,0.0
0,image_00396,4.516066551208496,0.5,-1.2595339740073541e-06,219.22708129882812,133.22618103027344,38.10956954956055,0.0,False,False,0.0,0.0,0.0,0.0,0.0
0,image_00397,4.51606559753418,0.5,-8.235818427237973e-07,219.67872619628906,133.2261199951172,38.10957336425781,0.0,False,False,0.0,0.0,0.0,0.0,0.0
0,image_00398,4.516064643859863,0.5,-1.2595339740073541e-06,220.13037109375,133.22607421875,38.10957336425781,0.0,False,False,0.0,0.0,0.0,0.0,0.0
0,image_00399,4.516063213348389,0.5,-8.235818427237973e-07,220.58200073242188,133.22601318359375,38.10957336425781,0.0,False,False,0.0,0.0,0.0,0.0,0.0
0,image_00400,4.5160627365112305,0.5,-8.235818427237973e-07,221.0336456298828,133.2259521484375,38.10957336425781,0.0,False,False,0.0,0.0,0.0,0.0,0.0
0,image_00401,4.516060829162598,0.5,-1.2595339740073541e-06,221.48529052734375,133.22589111328125,38.10957336425781,0.0,False,False,0.0,0.0,0.0,0.0,0.0
0,image_00402,4.516059875488281,0.5,-8.235818427237973e-07,221.9369354248047,133.225830078125,38.10957336425781,0.0,False,False,0.0,0.0,0.0,0.0,0.0
0,image_00403,4.516059398651123,0.5,-8.235818427237973e-07,222.38856506347656,133.2257843017578,38.10957336425781,0.0,False,False,0.0,0.0,0.0,0.0,0.0
0,image_00404,4.516058444976807,0.5,-1.2595339740073541e-06,222.8402099609375,133.22572326660156,38.10957336425781,0.0,False,False,0.0,0.0,0.0,0.0,0.0
0,image_00405,4.516057968139648,0.5,-8.235818427237973e-07,223.29185485839844,133.2256622314453,38.10957336425781,0.0,False,False,0.0,0.0,0.0,0.0,0.0
0,image_00406,4.51605749130249,0.5,-8.235818427237973e-07,223.7434844970703,133.22560119628906,38.10956954956055,0.0,False,False,0.0,0.0,0.0,0.0,0.0
0,image_00407,4.516058444976807,0.5,-1.2595339740073541e-06,224.19512939453125,133.2255401611328,38.10956954956055,0.0,False,False,0.0,0.0,0.0,0.0,0.0
0,image_00408,4.516059875488281,0.5,-8.235818427237973e-07,224.6467742919922,133.22547912597656,38.10956954956055,0.0,False,False,0.0,0.0,0.0,0.0,0.0
0,image_00409,4.516059875488281,0.5,-8.235818427237973e-07,225.09841918945312,133.22543334960938,38.10956954956055,0.0,False,False,0.0,0.0,0.0,0.0,0.0
0,image_00410,4.516060829162598,0.5,-1.2595339740073541e-06,225.550048828125,133.22537231445312,38.10956954956055,0.0,False,False,0.0,0.0,0.0,0.0,0.0
0,image_00411,4.516062259674072,0.5,-8.235818427237973e-07,226.00169372558594,133.22531127929688,38.10956954956055,0.0,False,False,0.0,0.0,0.0,0.0,0.0
0,image_00412,4.516062259674072,0.5,-8.235818427237973e-07,226.45333862304688,133.22525024414062,38.10956954956055,0.0,False,False,0.0,0.0,0.0,0.0,0.0
0,image_00413,4.516062259674072,0.5,-1.2595339740073541e-06,226.90496826171875,133.22518920898438,38.10956954956055,0.0,False,False,0.0,0.0,0.0,0.0,0.0
0,image_00414,4.516063690185547,0.5,-8.235818427237973e-07,227.3566131591797,133.22512817382812,38.10956954956055,0.0,False,False,0.0,0.0,0.0,0.0,0.0
0,image_00415,4.516063213348389,0.5,-8.235818427237973e-07,227.80825805664062,133.22508239746094,38.10956954956055,0.0,False,False,0.0,0.0,0.0,0.0,0.0
0,image_00416,4.516063213348389,0.5,-1.2595339740073541e-06,228.25990295410156,133.2250213623047,38.10956954956055,0.0,False,False,0.0,0.0,0.0,0.0,0.0
0,image_00417,4.516064167022705,0.5,-8.235818427237973e-07,228.71153259277344,133.22496032714844,38.10956954956055,0.0,False,False,0.0,0.0,0.0,0.0,0.0
0,image_00418,4.516064167022705,0.5,-1.2595339740073541e-06,229.16317749023438,133.2248992919922,38.10956954956055,0.0,False,False,0.0,0.0,0.0,0.0,0.0
0,image_00419,4.516064643859863,0.5,-8.235951440838107e-07,229.6148223876953,133.22483825683594,38.10956954956055,0.0,False,False,0.0,0.0,0.0,0.0,0.0
0,image_00420,4.516064167022705,0.5,-8.235818427237973e-07,230.06646728515625,133.2247772216797,38.10956954956055,0.0,False,False,0.0,0.0,0.0,0.0,0.0
0,image_00421,4.516063690185547,0.5,-1.2595339740073541e-06,230.51809692382812,133.22471618652344,38.10956954956055,0.0,False,False,0.0,0.0,0.0,0.0,0.0
0,image_00422,4.516063690185547,0.5,-8.235818427237973e-07,230.96974182128906,133.22467041015625,38.10956954956055,0.0,False,False,0.0,0.0,0.0,0.0,0.0
0,image_00423,4.516063690185547,0.5,-8.235818427237973e-07,231.42138671875,133.224609375,38.10956954956055,0.0,False,False,0.0,0.0,0.0,0.0,0.0
0,image_00424,4.516063690185547,0.5,-1.2595339740073541e-06,231.87301635742188,133.22454833984375,38.10956954956055,0.0,False,False,0.0,0.0,0.0,0.0,0.0
0,image_00425,4.516067028045654,0.5,-8.235818427237973e-07,232.3246612548828,133.2244873046875,38.10956954956055,0.0,False,False,0.0,0.0,0.0,0.0,0.0
0,image_00426,4.516067028045654,0.5,-8.235818427237973e-07,232.77630615234375,133.22442626953125,38.10956954956055,0.0,False,False,0.0,0.0,0.0,0.0,0.0
0,image_00427,4.516066074371338,0.5,-1.2595339740073541e-06,233.2279510498047,133.224365234375,38.10956954956055,0.0,False,False,0.0,0.0,0.0,0.0,0.0
0,image_00428,4.516064643859863,0.5,-8.235818427237973e-07,233.67958068847656,133.2243194580078,38.10956954956055,0.0,False,False,0.0,0.0,0.0,0.0,0.0
0,image_00429,4.5160651206970215,0.5,-8.235818427237973e-07,234.1312255859375,133.22425842285156,38.10956954956055,0.0,False,False,0.0,0.0,0.0,0.0,0.0
0,image_00430,4.516066074371338,0.5,-1.2595339740073541e-06,234.58287048339844,133.2241973876953,38.10956954956055,0.0,False,False,0.0,0.0,0.0,0.0,0.0
0,image_00431,4.516067981719971,0.5,-8.235818427237973e-07,235.0345001220703,133.22413635253906,38.10956954956055,0.0,False,False,0.0,0.0,0.0,0.0,0.0
0,image_00432,4.516069412231445,0.5,-8.235818427237973e-07,235.48614501953125,133.2240753173828,38.10956954956055,0.0,False,False,0.0,0.0,0.0,0.0,0.0
0,image_00433,4.516069412231445,0.5,-1.2595339740073541e-06,235.9377899169922,133.22401428222656,38.10956954956055,0.0,False,False,0.0,0.0,0.0,0.0,0.0
0,image_00434,4.5160675048828125,0.5,-8.235818427237973e-07,236.38943481445312,133.22396850585938,38.10956954956055,0.0,False,False,0.0,0.0,0.0,0.0,0.0
0,image_00435,4.516066074371338,0.5,-8.235818427237973e-07,236.841064453125,133.22390747070312,38.10956954956055,0.0,False,False,0.0,0.0,0.0,0.0,0.0
0,image_00436,4.516066074371338,0.5,-1.2595339740073541e-06,237.29270935058594,133.22384643554688,38.10956954956055,0.0,False,False,0.0,0.0,0.0,0.0,0.0
0,image_00437,4.5160651206970215,0.5,-8.235818427237973e-07,237.74435424804688,133.22378540039062,38.10956954956055,0.0,False,False,0.0,0.0,0.0,0.0,0.0
0,image_00438,4.516067028045654,0.5,-8.235818427237973e-07,238.19598388671875,133.22372436523438,38.10956954956055,0.0,False,False,0.0,0.0,0.0,0.0,0.0
0,image_00439,4.516067981719971,0.5,-1.2595339740073541e-06,238.6476287841797,133.22366333007812,38.10956954956055,0.0,False,False,0.0,0.0,0.0,0.0,0.0
0,image_00440,4.516066074371338,0.5,-8.235818427237973e-07,239.09927368164062,133.22361755371094,38.10956954956055,0.0,False,False,0.0,0.0,0.0,0.0,0.0
0,image_00441,4.516066074371338,0.5,-1.2595339740073541e-06,239.55091857910156,133.2235565185547,38.10956954956055,0.0,False,False,0.0,0.0,0.0,0.0,0.0
0,image_00442,4.516066551208496,0.5,-8.235818427237973e-07,240.00254821777344,133.22349548339844,38.10956954956055,0.0,False,False,0.0,0.0,0.0,0.0,0.0
0,image_00443,4.516066551208496,0.5,-8.235818427237973e-07,240.45419311523438,133.2234344482422,38.10956954956055,0.0,False,False,0.0,0.0,0.0,0.0,0.0
0,image_00444,4.516067028045654,0.5,-1.2595339740073541e-06,240.9058380126953,133.22337341308594,38.10956954956055,0.0,False,False,0.0,0.0,0.0,0.0,0.0
0,image_00445,4.516066551208496,0.5,-8.235818427237973e-07,241.3574676513672,133.2233123779297,38.10956954956055,0.0,False,False,0.0,0.0,0.0,0.0,0.0
0,image_00446,4.51606559753418,0.5,-8.235818427237973e-07,241.80911254882812,133.22325134277344,38.10956954956055,0.0,False,False,0.0,0.0,0.0,0.0,0.0
0,image_00447,4.516064643859863,0.5,-1.2595339740073541e-06,242.26075744628906,133.22320556640625,38.10956954956055,0.0,False,False,0.0,0.0,0.0,0.0,0.0
0,image_00448,4.516063213348389,0.5,-8.235818427237973e-07,242.71240234375,133.22314453125,38.10956954956055,0.0,False,False,0.0,0.0,0.0,0.0,0.0
0,image_00449,4.516064167022705,0.5,-8.235818427237973e-07,243.16403198242188,133.22308349609375,38.10956954956055,0.0,False,False,0.0,0.0,0.0,0.0,0.0
0,image_00450,4.516064167022705,0.5,-1.2595339740073541e-06,243.6156768798828,133.2230224609375,38.10956954956055,0.0,False,False,0.0,0.0,0.0,0.0,0.0
0,image_00451,4.516063213348389,0.5,-8.235818427237973e-07,244.06732177734375,133.22296142578125,38.10956954956055,0.0,False,False,0.0,0.0,0.0,0.0,0.0
0,image_00452,4.5160651206970215,0.5,-8.235818427237973e-07,244.5189666748047,133.222900390625,38.10956954956055,0.0,False,False,0.0,0.0,0.0,0.0,0.0
0,image_00453,4.516066074371338,0.5,-1.2595339740073541e-06,244.97059631347656,133.2228546142578,38.10956954956055,0.0,False,False,0.0,0.0,0.0,0.0,0.0
0,image_00454,4.516067028045654,0.5,-8.235818427237973e-07,245.4222412109375,133.22279357910156,38.10956954956055,0.0,False,False,0.0,0.0,0.0,0.0,0.0
0,image_00455,4.516066074371338,0.5,-8.235818427237973e-07,245.87388610839844,133.2227325439453,38.10956954956055,0.0,False,False,0.0,0.0,0.0,0.0,0.0
0,image_00456,4.516064167022705,0.5,-1.2595339740073541e-06,246.3255157470703,133.22267150878906,38.10956954956055,0.0,False,False,0.0,0.0,0.0,0.0,0.0
0,image_00457,4.516064167022705,0.5,-8.235951440838107e-07,246.77716064453125,133.2226104736328,38.10956954956055,0.0,False,False,0.0,0.0,0.0,0.0,0.0
0,image_00458,4.516063213348389,0.5,-8.235818427237973e-07,247.2288055419922,133.22254943847656,38.10956954956055,0.0,False,False,0.0,0.0,0.0,0.0,0.0
0,image_00459,4.516063690185547,0.5,-1.2595339740073541e-06,247.68045043945312,133.22250366210938,38.10956954956055,0.0,False,False,0.0,0.0,0.0,0.0,0.0
0,image_00460,4.5160651206970215,0.5,-8.235818427237973e-07,248.132080078125,133.22244262695312,38.10956954956055,0.0,False,False,0.0,0.0,0.0,0.0,0.0
0,image_00461,4.51606559753418,0.5,-1.2595339740073541e-06,248.58372497558594,133.22238159179688,38.10956954956055,0.0,False,False,0.0,0.0,0.0,0.0,0.0
0,image_00462,4.51606559753418,0.5,-8.235951440838107e-07,249.03536987304688,133.22232055664062,38.10956954956055,0.0,False,False,0.0,0.0,0.0,0.0,0.0
0,image_00463,4.516064167022705,0.5,-8.235818427237973e-07,249.48699951171875,133.22225952148438,38.10956954956055,0.0,False,False,0.0,0.0,0.0,0.0,0.0
0,image_00464,4.516064643859863,0.5,-1.2595339740073541e-06,249.9386444091797,133.22219848632812,38.10956954956055,0.0,False,False,0.0,0.0,0.0,0.0,0.0
0,image_00465,4.516064643859863,0.5,-8.235818427237973e-07,250.39028930664062,133.22215270996094,38.10956954956055,0.0,False,False,0.0,0.0,0.0,0.0,0.0
0,image_00466,4.5160651206970215,0.5,-8.235818427237973e-07,250.84193420410156,133.2220916748047,38.10956954956055,0.0,False,False,0.0,0.0,0.0,0.0,0.0
0,image_00467,4.516064643859863,0.5,-1.2595339740073541e-06,251.29356384277344,133.22203063964844,38.10956954956055,0.0,False,False,0.0,0.0,0.0,0.0,0.0
0,image_00468,4.5160651206970215,0.5,-8.235951440838107e-07,251.74520874023438,133.2219696044922,38.10956954956055,0.0,False,False,0.0,0.0,0.0,0.0,0.0
0,image_00469,4.5160675048828125,0.5,-8.235818427237973e-07,252.1968536376953,133.22190856933594,38.10956954956055,0.0,False,False,0.0,0.0,0.0,0.0,0.0
0,image_00470,4.516066074371338,0.5,-1.2595339740073541e-06,252.6484832763672,133.2218475341797,38.10956954956055,0.0,False,False,0.0,0.0,0.0,0.0,0.0
0,image_00471,4.516067028045654,0.5,-8.235818427237973e-07,253.10012817382812,133.22178649902344,38.10956954956055,0.0,False,False,0.0,0.0,0.0,0.0,0.0
0,image_00472,4.516068458557129,0.5,-8.235818427237973e-07,253.55177307128906,133.22174072265625,38.10956954956055,0.0,False,False,0.0,0.0,0.0,0.0,0.0
0,image_00473,4.516068458557129,0.5,-1.2595339740073541e-06,254.00341796875,133.2216796875,38.10956954956055,0.0,False,False,0.0,0.0,0.0,0.0,0.0
0,image_00474,4.516068458557129,0.5,-8.235818427237973e-07,254.45504760742188,133.22161865234375,38.10956954956055,0.0,False,False,0.0,0.0,0.0,0.0,0.0
0,image_00475,4.516068458557129,0.5,-8.235818427237973e-07,254.9066925048828,133.2215576171875,38.10956954956055,0.0,False,False,0.0,0.0,0.0,0.0,0.0
0,image_00476,4.5160675048828125,0.5,-1.2595339740073541e-06,255.35833740234375,133.22149658203125,38.10956954956055,0.0,False,False,0.0,0.0,0.0,0.0,0.0
0,image_00477,4.5160675048828125,0.5,-8.235818427237973e-07,255.8099822998047,133.221435546875,38.10956954956055,0.0,False,False,0.0,0.0,0.0,0.0,0.0
0,image_00478,4.5160651206970215,0.5,-8.235818427237973e-07,256.2616271972656,133.22137451171875,38.10956954956055,0.0,False,False,0.0,0.0,0.0,0.0,0.0
0,image_00479,4.516063690185547,0.5,-1.2595339740073541e-06,256.7132568359375,133.2213134765625,38.10956954956055,0.0,False,False,0.0,0.0,0.0,0.0,0.0
0,image_00480,4.516063690185547,0.5,-8.235951440838107e-07,257.1648864746094,133.22125244140625,38.10956954956055,0.0,False,False,0.0,0.0,0.0,0.0,0.0
0,image_00481,4.5160627365112305,0.5,-8.235818427237973e-07,257.6165466308594,133.22120666503906,38.10956954956055,0.0,False,False,0.0,0.0,0.0,0.0,0.0
0,image_00482,4.516062259674072,0.5,-1.2595339740073541e-06,258.06817626953125,133.2211456298828,38.10956954956055,0.0,False,False,0.0,0.0,0.0,0.0,0.0
0,image_00483,4.5160627365112305,0.5,-8.235818427237973e-07,258.5198059082031,133.22108459472656,38.10956954956055,0.0,False,False,0.0,0.0,0.0,0.0,0.0
0,image_00484,4.516063213348389,0.5,-1.2595339740073541e-06,258.9714660644531,133.22103881835938,38.10956954956055,0.0,False,False,0.0,0.0,0.0,0.0,0.0
0,image_00485,4.516063213348389,0.5,-8.235818427237973e-07,259.423095703125,133.22097778320312,38.10956954956055,0.0,False,False,0.0,0.0,0.0,0.0,0.0
0,image_00486,4.516063213348389,0.5,-8.235818427237973e-07,259.8747253417969,133.22091674804688,38.10956954956055,0.0,False,False,0.0,0.0,0.0,0.0,0.0
0,image_00487,4.516063213348389,0.5,-1.2595472753673675e-06,260.3263854980469,133.22085571289062,38.10956954956055,0.0,False,False,0.0,0.0,0.0,0.0,0.0
0,image_00488,4.516064167022705,0.5,-8.235818427237973e-07,260.77801513671875,133.22079467773438,38.10956954956055,0.0,False,False,0.0,0.0,0.0,0.0,0.0
0,image_00489,4.516067028045654,0.5,-8.235818427237973e-07,261.22967529296875,133.22073364257812,38.10956954956055,0.0,False,False,0.0,0.0,0.0,0.0,0.0
0,image_00490,4.516067981719971,0.5,-1.2595339740073541e-06,261.6813049316406,133.22068786621094,38.10956954956055,0.0,False,False,0.0,0.0,0.0,0.0,0.0
0,image_00491,4.516067981719971,0.5,-8.235818427237973e-07,262.1329345703125,133.2206268310547,38.10956954956055,0.0,False,False,0.0,0.0,0.0,0.0,0.0
0,image_00492,4.516067028045654,0.5,-8.235818427237973e-07,262.5845947265625,133.22056579589844,38.10956954956055,0.0,False,False,0.0,0.0,0.0,0.0,0.0
0,image_00493,4.5160675048828125,0.5,-1.2595339740073541e-06,263.0362243652344,133.2205047607422,38.10956954956055,0.0,False,False,0.0,0.0,0.0,0.0,0.0
0,image_00494,4.516067028045654,0.5,-8.235818427237973e-07,263.48785400390625,133.22044372558594,38.10956954956055,0.0,False,False,0.0,0.0,0.0,0.0,0.0
0,image_00495,4.5160651206970215,0.5,-8.235818427237973e-07,263.93951416015625,133.2203826904297,38.10956954956055,0.0,False,False,0.0,0.0,0.0,0.0,0.0
0,image_00496,4.516064167022705,0.5,-1.2595339740073541e-06,264.3911437988281,133.22032165527344,38.10956954956055,0.0,False,False,0.0,0.0,0.0,0.0,0.0
0,image_00497,4.5160651206970215,0.5,-8.235818427237973e-07,264.8427734375,133.22027587890625,38.10956954956055,0.0,False,False,0.0,0.0,0.0,0.0,0.0
0,image_00498,4.5160651206970215,0.5,-8.235818427237973e-07,265.29443359375,133.22021484375,38.10956954956055,0.0,False,False,0.0,0.0,0.0,0.0,0.0
0,image_00499,4.51606559753418,0.5,-1.2595339740073541e-06,265.7460632324219,133.22015380859375,38.10956954956055,0.0,False,False,0.0,0.0,0.0,0.0,0.0
